pop,CapeMendocino
Trinidad Head,North
Trinidad Head,North
Trinidad Head,North
Trinidad Head,North
Trinidad Head,North
Trinidad Head,North
Trinidad Head,North
Trinidad Head,North
Trinidad Head,North
Trinidad Head,North
Trinidad Head,North
Trinidad Head,North
Trinidad Head,North
Trinidad Head,North
Trinidad Head,North
Patricks Point,North
Patricks Point,North
Patricks Point,North
Patricks Point,North
Patricks Point,North
Patricks Point,North
Patricks Point,North
Patricks Point,North
Patricks Point,North
Patricks Point,North
Patricks Point,North
Patricks Point,North
Patricks Point,North
Patricks Point,North
Patricks Point,North
Patricks Point,North
Patricks Point,North
Patricks Point,North
Patricks Point,North
Patricks Point,North
Shelter Cove,South
Shelter Cove,South
Shelter Cove,South
Shelter Cove,South
Shelter Cove,South
Shelter Cove,South
Shelter Cove,South
Shelter Cove,South
Shelter Cove,South
Shelter Cove,South
Shelter Cove,South
Shelter Cove,South
Shelter Cove,South
Shelter Cove,South